{
  "bookings": [
    {
      "booking": {
        "id": 1000,
        "name": "Thomas",
        "lastname": "Groov",
        "date": "2019-07-03",
        "time": "12:00",
        "telefon": "1111111111",
        "email": "thoma.groov@gmail.com",
        "nbperson": 5,
        "infos": "any text"
      }
    },
    {
      "booking": {
        "id": 2315,
        "name": "Brandle",
        "lastname": "Cooper",
        "date": "2019-03-17",
        "time": "14:00",
        "telefon": "2222222222",
        "email": "brandle.cooper@gmail.com",
        "nbperson": 2,
        "infos": "any text"
      }
    },
    {
      "booking": {
        "id": 5643,
        "name": "Lady",
        "lastname": "Gaga",
        "date": "2019-03-18",
        "time": "18:30",
        "telefon": "0123456787",
        "email": "lady.gaga@web.com",
        "nbperson": 3,
        "infos": "any text"
      }
    },
    {
      "booking": {
        "id": 3232,
        "name": "Madonna",
        "lastname": "Madonna",
        "date": "2019-03-18",
        "time": "18:30",
        "telefon": "3333333333",
        "email": "madonna@gmail.com",
        "nbperson": 2,
        "infos": "any text"
      }
    },
    {
      "booking": {
        "id": 2249,
        "name": "Leonard",
        "lastname": "Cohen",
        "date": "2019-03-18",
        "time": "19:30",
        "telefon": "4444444444",
        "email": "leonard.cohen@hotmail.com",
        "nbperson": 4,
        "infos": "any text"
      }
    },
    {
      "booking": {
        "id": 2241,
        "name": "Leonard",
        "lastname": "Cohen",
        "date": "2019-03-17",
        "time": "19:30",
        "telefon": "4444444444",
        "email": "leonard.cohen@hotmail.com",
        "nbperson": 4,
        "infos": "any text"
      }
    },
    {
      "booking": {
        "id": 3344,
        "name": "Sophie",
        "lastname": "Salmani",
        "date": "2019-03-17",
        "time": "20:30",
        "telefon": "017653452567",
        "email": "sophie.salmani@hotmail.com",
        "nbperson": 3,
        "infos": "any text"
      }
    },
    {
      "booking": {
        "id": 4536,
        "name": "George",
        "lastname": "Cloony",
        "date": "2019-03-17",
        "time": "20:00",
        "telefon": "0402376555",
        "email": "george.cloony@gmail.com",
        "nbperson": 6,
        "infos": "any text"
      }
    },
    {
      "booking": {
        "id": 5431,
        "name": "Salma",
        "lastname": "Hayek",
        "date": "02-07-2019",
        "time": "20:00",
        "telefon": "0402376555",
        "email": "george.cloony@gmail.com",
        "nbperson": 6,
        "infos": "any text"
      }
    },
    {
      "booking": {
        "id": 3437,
        "name": "Zidane",
        "lastname": "Zizo",
        "date": "6/3/2019",
        "time": "20:00",
        "telefon": "0402376555",
        "email": "zizo.zizo@gmail.com",
        "nbperson": 3,
        "infos": "any text"
      }
    },
    {
      "booking": {
        "id": 3446,
        "name": "sergio",
        "lastname": "ramos",
        "date": "9/3/2019",
        "time": "19:30",
        "telefon": "3333333",
        "email": "ramos.sergio@gmail.com",
        "nbperson": 4,
        "infos": "any text"
      }
    },
    {
      "booking": {
        "id": 2438,
        "name": "messi",
        "lastname": "Zizo",
        "date": "9/3/2019",
        "time": "22:00",
        "telefon": "11111111",
        "email": "messi.argentina@gmail.com",
        "nbperson": 2,
        "infos": "any text"
      }
    },
    {
      "booking": {
        "id": 2319,
        "name": "madona",
        "lastname": "madona",
        "date": "9/3/2019",
        "time": "20:00",
        "telefon": "1111111111111",
        "email": "madona@gmail.com",
        "nbperson": 4,
        "infos": "any text"
      }
    },
    {
      "booking": {
        "id": 1238,
        "name": "xena",
        "lastname": "xena",
        "date": "16/3/2019",
        "time": "20:03",
        "telefon": "111111111",
        "email": "xena.xena@gmail.com",
        "nbperson": 3,
        "infos": "any text"
      }
    },
    {
      "booking": {
        "id": 1232,
        "name": "xena",
        "lastname": "xena",
        "date": "15/3/2019",
        "time": "20:03",
        "telefon": "111111111",
        "email": "xena.xena@gmail.com",
        "nbperson": 2,
        "infos": "any text"
      }
    },
    {
      "booking": {
        "id": 1238,
        "name": "xena",
        "lastname": "xena",
        "date": "2019-06-29",
        "time": "20:03",
        "telefon": "111111111",
        "email": "xena.xena@gmail.com",
        "nbperson": 4
      }
    },
    {
      "booking": {
        "id": 1238,
        "name": "zzzz",
        "lastname": "jjjj",
        "date": "2019-06-29",
        "time": "20:03",
        "telefon": "111111111",
        "email": "xena.xena@gmail.com",
        "nbperson": 1,
        "infos": "any thing...",
        "canceled": "false"
      }
    },
    {
      "booking": {
        "id": 1233,
        "name": "aaa",
        "lastname": "aaa",
        "date": "2019-03-16",
        "time": "12:45",
        "telefon": "11111111",
        "email": "aaa.aaa@gamil.com",
        "nbperson": 4,
        "infos": "Type Infos...",
        "canceled": "false"
      }
    },
    {
      "booking": {
        "id": 1238,
        "name": "vvv",
        "lastname": "vvv",
        "date": "2019-03-16",
        "time": "03:30",
        "telefon": "3",
        "email": "vvv.vvv@gmail.com",
        "nbperson": 5,
        "infos": "Type Infos...",
        "canceled": "false"
      }
    },
    {
      "booking": {
        "id": 1233,
        "name": "bbb",
        "lastname": "bbb",
        "date": "2019-03-16",
        "time": "15:45",
        "telefon": "5",
        "email": "bbb.bbb@hotmail.com",
        "nbperson": 2,
        "infos": "Type Infos...",
        "canceled": "false"
      }
    },
    {
      "booking": {
        "id": 1236,
        "name": "ppp",
        "lastname": "ppp",
        "date": "2019-07-22",
        "time": "19:00",
        "telefon": "2",
        "email": "ppp.ppp@web.com",
        "nbperson": 4,
        "infos": "Type Infos...",
        "canceled": "false"
      }
    },
    {
      "booking": {
        "id": 1232,
        "name": "eee",
        "lastname": "eee",
        "date": "2019-03-27",
        "time": "07:30",
        "telefon": "1",
        "email": "eee.eee@hotmail.com",
        "nbperson": 6,
        "infos": "Type Infos...",
        "canceled": "false"
      }
    },
    {
      "booking": {
        "id": 1236,
        "name": "nano",
        "lastname": "nano",
        "date": "2019-03-27",
        "time": "09:30",
        "telefon": "11111111",
        "email": "nano.nano@gmail.com",
        "nbperson": 3,
        "infos": "Type Infos...",
        "canceled": "false"
      }
    },
    {
      "booking": {
        "id": 1237,
        "name": "Yoga",
        "lastname": "Yoga",
        "date": "2019-04-15",
        "time": "09:30",
        "telefon": "11111111",
        "email": "nano.nano@gmail.com",
        "nbperson": 3,
        "infos": "Type Infos...",
        "canceled": "true"
      }
    },
    {
      "booking": {
        "id": 1234,
        "name": "fff",
        "lastname": "fff",
        "date": "2019-04-15",
        "time": "12:00",
        "telefon": "1111111",
        "email": "fff.fff@hotmail.com",
        "nbperson": 7,
        "infos": "infos by example",
        "canceled": "false"
      }
    },
    {
      "booking": {
        "id": 1236,
        "name": "uuu",
        "lastname": "uuu",
        "date": "2019-06-19",
        "time": "09:00",
        "telefon": "5",
        "email": "1111111111",
        "nbperson": "uuu.uuu@gmail.com",
        "infos": "Type Infos example...",
        "canceled": "true"
      }
    },
    {
      "booking": {
        "id": 1237,
        "name": "vvv",
        "lastname": "vvv",
        "date": "2019-06-29",
        "time": "03:30",
        "telefon": "2",
        "email": "vvv.vvv@gmail.com",
        "nbperson": 5,
        "infos": "Type Infos...",
        "canceled": "false"
      }
    },
    {
      "booking": {
        "id": 1235,
        "name": "ttt",
        "lastname": "ttt",
        "date": "2019-06-29",
        "time": "02:00",
        "telefon": "1",
        "email": "11111111",
        "nbperson": "ttt.ttt@gmail.com",
        "infos": "buffet or menu",
        "canceled": "false"
      }
    },
    {
      "booking": {
        "id": 1234,
        "name": "ttt",
        "lastname": "ttt",
        "date": "2019-05-08",
        "time": "09:00",
        "telefon": "2",
        "email": "111111111",
        "nbperson": "ttt.ttt@gmail.com",
        "infos": "any thing",
        "canceled": "false"
      }
    },
    {
      "booking": {
        "id": 1236,
        "name": "ggg",
        "lastname": "ggg",
        "date": "2019-05-24",
        "time": "01:15",
        "telefon": "4",
        "email": "1111111",
        "nbperson": "ggg.ggg@gmail.com",
        "infos": "Holiday",
        "canceled": "false"
      }
    },
    {
      "booking": {
        "id": 1237,
        "name": "www",
        "lastname": "www",
        "date": "2019-06-19",
        "time": "01:45",
        "telefon": "5",
        "email": "11111",
        "nbperson": "wwww@gmail.com",
        "infos": "Type Infos...",
        "canceled": "false"
      }
    },
    {
      "booking": {
        "id": 1238,
        "name": "zzz",
        "lastname": "zzz",
        "date": "2019-06-29",
        "time": "13:45",
        "telefon": "4",
        "email": "444444",
        "nbperson": "zzz@gmail.com",
        "infos": "Type Infos...",
        "canceled": "false"
      }
    },
    {
      "booking": {
        "id": 1234,
        "name": "iii",
        "lastname": "iii",
        "date": "2019-06-29",
        "time": "14:00",
        "telefon": "4",
        "email": "444444",
        "nbperson": "iiii@gmail.com",
        "infos": "Type Infos...",
        "canceled": "false"
      }
    },
    {
      "booking": {
        "id": 1239,
        "name": "hhh",
        "lastname": "hhh",
        "date": "2019-06-29",
        "time": "01:30",
        "telefon": "3",
        "email": "1111111",
        "nbperson": "hhh.hhh@web.com",
        "infos": "Reservation....",
        "canceled": "false"
      }
    },
    {
      "booking": {
        "id": 1236,
        "name": "ggg",
        "lastname": "ggg",
        "date": "2019-06-29",
        "time": "01:30",
        "telefon": "3",
        "email": "11111111",
        "nbperson": "ggg.ggg@web.com",
        "infos": "Reservation Infos...",
        "canceled": "true"
      }
    },
    {
      "booking": {
        "id": 123,
        "name": "Hana",
        "lastname": "Hanna",
        "date": "",
        "time": "17:00",
        "telefon": "6",
        "email": "1111111",
        "nbperson": "hana.hanna@gmail.com",
        "infos": "Reservation Infos...",
        "canceled": "false"
      }
    },
    {
      "booking": {
        "id": 123,
        "name": "Paula",
        "lastname": "Paula",
        "date": "2019-06-29",
        "time": "10:15",
        "telefon": "8",
        "email": "1111111",
        "nbperson": "paula.paula@hotmail.com",
        "infos": "Reservation Infos...",
        "canceled": "false"
      }
    },
    {
      "booking": {
        "id": 123,
        "name": "Mona",
        "lastname": "Mona",
        "date": "2019-07-3",
        "time": "13:00",
        "telefon": "3",
        "email": "11111111",
        "nbperson": "mona.mona@gmail.com",
        "infos": "Reservation Infos...",
        "canceled": "false"
      }
    },
    {
      "booking": {
        "id": 123,
        "name": "walk",
        "lastname": "in",
        "date": "2019-06-29",
        "time": "23:59",
        "telefon": "8",
        "email": "",
        "nbperson": "",
        "infos": "Type Infos...",
        "canceled": "false"
      }
    },
    {
      "booking": {
        "id": 123,
        "name": "Walk",
        "lastname": "in",
        "date": "2019-07-3",
        "time": "11:17",
        "telefon": "6",
        "email": "1111111",
        "nbperson": "",
        "infos": "Type Infos...",
        "canceled": "false"
      }
    },
    {
      "booking": {
        "id": 123,
        "name": "ooo",
        "lastname": "ooo",
        "date": "2019-07-03",
        "time": "10:30",
        "telefon": "5",
        "email": "1111111111",
        "nbperson": "ooo.ooo.com",
        "infos": "Reservation Infos...",
        "canceled": "false"
      }
    },
    {
      "booking": {
        "id": 123,
        "name": "miro",
        "lastname": "miro",
        "date": "2019-07-03",
        "time": "18:00",
        "telefon": "3",
        "email": "111111111",
        "nbperson": "miro.miro@gmail.com",
        "infos": "Type Infos...",
        "canceled": "false"
      }
    },
    {
      "booking": {
        "id": 123,
        "name": "bibo",
        "lastname": "bibo",
        "date": "2019-07-03",
        "time": "18:00",
        "telefon": "5",
        "email": "1111111",
        "nbperson": "bibo.bibo@gmail.com",
        "infos": "Type Infos...",
        "canceled": "false"
      }
    },
    {
      "booking": {
        "id": 123,
        "name": "walk",
        "lastname": "in",
        "date": "2019-07-03",
        "time": "18:54",
        "telefon": "4",
        "email": "",
        "nbperson": "",
        "infos": "Type Infos...",
        "canceled": "false"
      }
    },
    {
      "booking": {
        "id": 125,
        "name": "Boby",
        "lastname": "Boby",
        "date": "2019-07-02",
        "time": "14:40",
        "telefon": "",
        "email": "",
        "nbperson": "",
        "infos": "Type Infos...",
        "canceled": "false"
      }
    },
    {
      "booking": {
        "id": 123,
        "name": "Nano",
        "lastname": "Nano",
        "date": "2019-07-30",
        "time": "12:30",
        "telefon": "5",
        "email": "111111111111",
        "nbperson": "nano.nano.gmail.com",
        "infos": "Happy Hours",
        "canceled": "false"
      }
    },
    {
      "booking": {
        "id": 124,
        "name": "root",
        "lastname": "root",
        "date": "2019-07-30",
        "time": "13:40",
        "telefon": "4",
        "email": "11111111",
        "nbperson": "root.root@hotmail.com",
        "infos": "Birthday",
        "canceled": "false"
      }
    },
    {
      "booking": {
        "id": 123,
        "name": "Karo",
        "lastname": "Karo",
        "date": "2019-07-02",
        "time": "15:50",
        "telefon": "111111111",
        "email": "Karo.karo@hotmail.com",
        "nbperson": 3,
        "infos": "Happy Hours....",
        "canceled": "false"
      }
    },
    {
      "booking": {
        "id": 123,
        "name": "Julia",
        "lastname": "Mueller",
        "date": "2019-09-12",
        "time": "20:44",
        "telefon": "3",
        "email": "111111111",
        "nbperson": "julia.mueller@web.de",
        "infos": "Any Infos...",
        "canceled": "false"
      }
    },
    {
      "booking": {
        "id": 123,
        "name": "Paul",
        "lastname": "Simpson",
        "date": "2019-10-01",
        "time": "21:45",
        "telefon": "2",
        "email": "2222222",
        "nbperson": "p.simpson@hotmail.com",
        "infos": "Type Infos...",
        "canceled": "false"
      }
    },
    {
      "booking": {
        "id": 123,
        "name": "Tina",
        "lastname": "Jorou",
        "date": "2019-10-01",
        "time": "21:10",
        "telefon": "10",
        "email": "33333333",
        "nbperson": "tina.jorou@gmail.com",
        "infos": "Any Infos...",
        "canceled": "false"
      }
    },
    {
      "booking": {
        "id": 123,
        "name": "julia",
        "lastname": "Jones",
        "date": "2019-09-14",
        "time": "11:30",
        "telefon": "2",
        "email": "1111111111",
        "nbperson": "j.jones@gmail.com",
        "infos": "Type Infos...",
        "canceled": "false"
      }
    },
    {
      "booking": {
        "id": 123,
        "name": "Caro",
        "lastname": "MyLove",
        "date": "2019-11-25",
        "time": "12:00",
        "telefon": "2",
        "email": "11111111",
        "nbperson": "caro@mylove.com",
        "infos": "Type Infos...",
        "canceled": "false"
      }
    },
    {
      "booking": {
        "id": 123,
        "name": "garo",
        "lastname": "garo",
        "date": "2020-01-12",
        "time": "17:00",
        "telefon": "2",
        "email": "11111111",
        "nbperson": "garo.garo@hotmail.com",
        "infos": "Booking Infos...",
        "canceled": "false"
      }
    },
    {
      "booking": {
        "id": 123,
        "name": "Paul",
        "lastname": "Blu",
        "date": "2020-12-21",
        "time": "20:00",
        "telefon": "2",
        "email": "111111111",
        "nbperson": "paul.smith@anyway.com",
        "infos": "any infos",
        "canceled": "false"
      }
    },
    {
      "booking": {
        "id": 123,
        "name": "Laura",
        "lastname": "Smith",
        "date": "",
        "time": "21:18",
        "telefon": "2",
        "email": "4444444444444",
        "nbperson": "laura.smith@apple.de",
        "infos": "infosType Infos...",
        "canceled": "false"
      }
    }
  ]
}