{
  "folios": [
    {
      "folio": {
        "date": "1/2/2019",
        "time": "14:28:47",
        "Summe": "2.5",
        "items": [
          {
            "name": "amerikano",
            "preis": "2.5"
          }
        ]
      }
    },
    {
      "folio": {
        "date": "1/2/2019",
        "time": "14:29:10",
        "Summe": "58",
        "items": [
          {
            "name": "espresso",
            "preis": "2"
          },
          {
            "name": "Bolo",
            "preis": "56"
          }
        ]
      }
    },
    {
      "folio": {
        "date": "3/2/2019",
        "time": "14:12:22",
        "Summe": "33.5",
        "items": [
          {
            "name": "espresso",
            "preis": "2"
          },
          {
            "name": "pomodoro",
            "preis": "23"
          },
          {
            "name": "Vegetabel",
            "preis": "8.5"
          }
        ]
      }
    },
    {
      "folio": {
        "date": "3/2/2019",
        "time": "16:59:29",
        "Summe": "22",
        "items": [
          {
            "name": "FruitsDeMary",
            "preis": "11"
          },
          {
            "name": "Tonno",
            "preis": "11"
          }
        ]
      }
    },
    {
      "folio": {
        "date": "3/2/2019",
        "time": "19:12:58",
        "Summe": "36",
        "items": [
          {
            "name": "Diavolo",
            "preis": "9.5"
          },
          {
            "name": "Gambaretti",
            "preis": "24"
          },
          {
            "name": "amerikano",
            "preis": "2.5"
          }
        ]
      }
    },
    {
      "folio": {
        "date": "5/2/2019",
        "time": "11:16:3",
        "Summe": "23.9",
        "items": [
          {
            "name": "Salamie",
            "preis": "8.5"
          },
          {
            "name": "ParmaSchinken",
            "preis": "9.5"
          },
          {
            "name": "capuccino",
            "preis": "2.95"
          },
          {
            "name": "capuccino",
            "preis": "2.95"
          }
        ]
      }
    },
    {
      "folio": {
        "date": "5/2/2019",
        "time": "11:16:56",
        "Summe": "59.9",
        "items": [
          {
            "name": "despresso",
            "preis": "3.9"
          },
          {
            "name": "Bolo",
            "preis": "56"
          }
        ]
      }
    },
    {
      "folio": {
        "date": "5/2/2019",
        "time": "11:18:38",
        "Summe": "34",
        "items": [
          {
            "name": "Gambaretti",
            "preis": "24"
          },
          {
            "name": "Gambarethi",
            "preis": "10"
          }
        ]
      }
    },
    {
      "folio": {
        "date": "5/2/2019",
        "time": "11:44:52",
        "Summe": "5",
        "items": [
          {
            "name": "coffee",
            "preis": "2.5"
          },
          {
            "name": "amerikano",
            "preis": "2.5"
          }
        ]
      }
    },
    {
      "folio": {
        "date": "5/2/2019",
        "time": "19:56:31",
        "Summe": "14.5",
        "items": [
          {
            "name": "lattemachiatto",
            "preis": "3.5"
          },
          {
            "name": "Tonno",
            "preis": "11"
          }
        ]
      }
    },
    {
      "folio": {
        "date": "1/2/2019",
        "time": "11:9:59",
        "Summe": "13.5",
        "items": [
          {
            "name": "coffee",
            "preis": "2.5"
          },
          {
            "name": "FruitsDeMary",
            "preis": "11"
          }
        ]
      }
    },
    {
      "folio": {
        "date": "1/2/2019",
        "time": "11:10:49",
        "Summe": "22",
        "items": [
          {
            "name": "coffee",
            "preis": "2.5"
          },
          {
            "name": "coffee",
            "preis": "2.5"
          },
          {
            "name": "Salamie",
            "preis": "8.5"
          },
          {
            "name": "Salamie",
            "preis": "8.5"
          }
        ]
      }
    },
    {
      "folio": {
        "date": "1/11/2019",
        "time": "11:0:37",
        "Summe": "32",
        "items": [
          {
            "name": "coffee",
            "preis": "2.5"
          },
          {
            "name": "pomodoro",
            "preis": "23"
          },
          {
            "name": "Margaritha",
            "preis": "6.5"
          }
        ]
      }
    },
    {
      "folio": {
        "date": "1/11/2019",
        "time": "11:1:3",
        "Summe": "4.5",
        "items": [
          {
            "name": "coffee",
            "preis": "2.5"
          },
          {
            "name": "espresso",
            "preis": "2"
          }
        ]
      }
    },
    {
      "folio": {
        "date": "1/11/2019",
        "time": "11:15:52",
        "Summe": "2.5",
        "items": [
          {
            "name": "coffee",
            "preis": "2.5"
          }
        ]
      }
    },
    {
      "folio": {
        "date": "1/11/2019",
        "time": "11:37:51",
        "Summe": "2",
        "items": [
          {
            "name": "espresso",
            "preis": "2"
          }
        ]
      }
    },
    {
      "folio": {
        "date": "1/11/2019",
        "time": "11:52:1",
        "Summe": "68.5",
        "items": [
          {
            "name": "amerikano",
            "preis": "2.5"
          },
          {
            "name": "Bolo",
            "preis": "56"
          },
          {
            "name": "Gambarethi",
            "preis": "10"
          }
        ]
      }
    },
    {
      "folio": {
        "date": "6/11/2019",
        "time": "19:27:13",
        "Summe": "3",
        "items": [
          {
            "name": "bier03",
            "preis": "3"
          }
        ]
      }
    },
    {
      "folio": {
        "date": "6/11/2019",
        "time": "19:34:27",
        "Summe": "3.5",
        "items": [
          {
            "name": "alster03",
            "preis": "3.5"
          }
        ]
      }
    }
  ]
}