{
  "people": [
    {
      "person": {
        "name": "aaa",
        "email": "aaa@aaa.com",
        "description": "desc aaa",
        "address": {
          "streetAddress": "aaaStreet",
          "ort": "updated%25252Baaa",
          "addressRegion": "New%252BYork",
          "postalCode": "1111",
          "addressCountry": "updated"
        },
        "contactPoint": {
          "contactType": "updated",
          "telephone": "2222222222",
          "email": "aaa@aaa.com"
        }
      }
    },
    {
      "person": {
        "name": "ccc",
        "email": "ccc@ccc.com",
        "description": "desc ccc",
        "address": {
          "streetAddress": "ccc+Street",
          "ort": "ccc+Ort",
          "addressRegion": "cccRegion",
          "postalCode": "undefined",
          "addressCountry": "undefined"
        },
        "contactPoint": {
          "contactType": "undefined",
          "telephone": "undefined",
          "email": "ccc@ccc.com"
        }
      }
    },
    {
      "person": {
        "name": "eee",
        "email": "eee@hotmail.com",
        "description": "eee Desc",
        "address": {
          "streetAddress": "Strasse",
          "ort": "eee%2BOrt",
          "addressRegion": "Bundesland",
          "postalCode": "Postleitzahl",
          "addressCountry": "Deutschland"
        },
        "contactPoint": {
          "contactType": "customer",
          "telephone": "%252B49-0000-1234567",
          "email": "eee@hotmail.com"
        }
      }
    },
    {
      "person": {
        "name": "xyz",
        "email": "xyz@hotmai.com",
        "description": "xyz Desc",
        "address": {
          "streetAddress": "yyy",
          "ort": "xyz",
          "addressRegion": "xyz",
          "postalCode": "xyz",
          "addressCountry": "zzz"
        },
        "contactPoint": {
          "contactType": "xyz",
          "telephone": "2345876",
          "email": "xyz@hotmai.com"
        }
      }
    },
    {
      "person": {
        "name": "www",
        "email": "www@gmail.com",
        "description": "wwwDescription ",
        "address": {
          "streetAddress": "wwwStreet",
          "ort": "wwwOrt",
          "addressRegion": "wwwRegion",
          "postalCode": "21073",
          "addressCountry": "wwwCountry"
        },
        "contactPoint": {
          "contactType": "telephon",
          "telephone": "01757622340",
          "email": "www@gmail.com"
        }
      }
    },
    {
      "person": {
        "name": "nano",
        "email": "nano@gmail.com",
        "description": "any description",
        "address": {
          "streetAddress": "Booghi",
          "ort": "Holland",
          "addressRegion": "",
          "postalCode": "01",
          "addressCountry": "Amerika"
        },
        "contactPoint": {
          "contactType": "handy",
          "telephone": "01928233444",
          "email": "nano@gmail.com"
        }
      }
    }
  ]
}